{
"TriangularAntiprism": {
"name":"Triangular Antiprism (Octahedron)",
"category":["Antiprism"],
"vertex":[[0,0,1.414214],[1.414214,0,0],[0,1.414214,0],[-1.414214,0,0],[0,-1.414214,0],[0,0,-1.414214]],
"edge":[[0,1],[0,2],[0,3],[0,4],[1,2],[1,4],[1,5],[2,3],[2,5],[3,4],[3,5],[4,5]],
"face":[[0,1,2],[0,2,3],[0,3,4],[0,4,1],[1,4,5],[1,5,2],[2,5,3],[3,5,4]]},

"SquareAntiPrism" : {
"name":"Square Antiprism",
"category":["Antiprism"],
"vertex":[[0,0,1.25928],[1.215563,0,0.3289288],[0.2517512,1.189207,0.3289288],[-1.111284,0.4925857,0.3289288],[-0.71206,-0.9851714,0.3289288],[0.5035025,-0.9851714,-0.6014224],[0.6077813,0.4925857,-0.9867865],[-0.7552537,-0.2040357,-0.9867865]],
"edge":[[0,1],[1,2],[2,0],[2,3],[3,0],[3,4],[4,0],[1,5],[5,6],[6,1],[6,2],[3,7],[7,4],[7,5],[5,4],[7,6]],
"face":[[0,1,2],[0,2,3],[0,3,4],[1,5,6],[1,6,2],[3,7,4],[4,7,5],[5,7,6],[0,4,5,1],[2,6,7,3]]},

"PentagonalAntiPrism" : {
"name":"Pentagonal Antiprism",
"category":["Antiprism"],
"vertex":[[0,0,1.175571],[1.051462,0,0.5257311],[0.3249197,1,0.5257311],[-0.8506508,0.618034,0.5257311],[-0.8506508,-0.618034,0.5257311],[0.8506508,-0.618034,-0.5257311],[0.8506508,0.618034,-0.5257311],[-1.051462,0,-0.5257311],[-0.3249197,-1,-0.5257311],[0,0,-1.175571]],
"edge":[[0,1],[1,2],[2,0],[2,3],[3,0],[3,4],[4,0],[1,5],[5,6],[6,1],[6,2],[3,7],[7,4],[7,8],[8,4],[5,8],[8,9],[9,5],[9,6],[7,9]],
"face":[[0,1,2],[0,2,3],[0,3,4],[1,5,6],[1,6,2],[3,7,4],[4,7,8],[5,8,9],[5,9,6],[7,9,8],[0,4,8,5,1],[2,6,9,7,3]]},

"HexagonalAntiprism" : {
"name":"Hexagonal Antiprism",
"category":["Antiprism"],
"vertex":[[0,0,1.126033],[0.9194017,0,0.6501152],[0.3365244,0.8555997,0.6501152],[-0.6730487,0.6263424,0.6501152],[-0.8292303,-0.3970852,0.6501152],[1.009573,-0.3970852,-0.3017195],[0.9194017,0.6263424,-0.1741978],[-1.099745,0.1678279,-0.1741978],[-0.7390588,-0.7941704,-0.3017195],[0.1803429,-0.7941704,-0.7776368],[0.4927059,0.1678279,-0.9985108],[-0.5168672,-0.06142929,-0.9985108]],
"edge":[[0,1],[1,2],[2,0],[2,3],[3,0],[3,4],[4,0],[1,5],[5,6],[6,1],[6,2],[3,7],[7,4],[7,8],[8,4],[5,9],[9,10],[10,5],[10,6],[7,11],[11,8],[11,9],[9,8],[11,10]],
"face":[[0,1,2],[0,2,3],[0,3,4],[1,5,6],[1,6,2],[3,7,4],[4,7,8],[5,9,10],[5,10,6],[7,11,8],[8,11,9],[9,11,10],[0,4,8,9,5,1],[2,6,10,11,7,3]]},

"HeptagonalAntiprism" : {
"name":"Heptagonal Antiprism",
"category":["Antiprism"],
"vertex":[[0,0,1.09456],[0.8131884,0,0.7326574],[0.3260632,0.7449551,0.7326574],[-0.551706,0.5974076,0.7326574],[-0.7684971,-0.2658714,0.7326574],[1.058721,-0.2658714,-0.08053097],[0.9136089,0.5974076,0.08053097],[-1.058721,0.2658714,0.08053097],[-0.9136089,-0.5974076,-0.08053097],[0.551706,-0.5974076,-0.7326574],[0.7684971,0.2658714,-0.7326574],[-0.8131884,0,-0.7326574],[-0.3260632,-0.7449551,-0.7326574],[0,0,-1.09456]],
"edge":[[0,1],[1,2],[2,0],[2,3],[3,0],[3,4],[4,0],[1,5],[5,6],[6,1],[6,2],[3,7],[7,4],[7,8],[8,4],[5,9],[9,10],[10,5],[10,6],[7,11],[11,8],[11,12],[12,8],[9,12],[12,13],[13,9],[13,10],[11,13]],
"face":[[0,1,2],[0,2,3],[0,3,4],[1,5,6],[1,6,2],[3,7,4],[4,7,8],[5,9,10],[5,10,6],[7,11,8],[8,11,12],[9,12,13],[9,13,10],[11,13,12],[0,4,8,12,9,5,1],[2,6,10,13,11,7,3]]},

"OctagonalAntiprism" : {
"name":"Octagonal Antiprism",
"category":["Antiprism"],
"vertex":[[0,0,1.073425],[0.7269827,0,0.7897703],[0.3081531,0.6584417,0.7897703],[-0.4657431,0.5581999,0.7897703],[-0.702991,-0.1852227,0.7897703],[1.0521,-0.1852227,0.1049676],[0.8775457,0.5581999,0.265645],[-0.990805,0.3161949,0.265645],[-0.9701878,-0.4471671,0.1049676],[0.7849037,-0.4471671,-0.5798351],[0.9088923,0.3161949,-0.4755801],[-0.9594584,0.07418979,-0.4755801],[-0.6450701,-0.6323897,-0.5798351],[0.08191263,-0.6323897,-0.8634897],[0.3838305,0.07418979,-0.9997054],[-0.3900657,-0.02605199,-0.9997054]],
"edge":[[0,1],[1,2],[2,0],[2,3],[3,0],[3,4],[4,0],[1,5],[5,6],[6,1],[6,2],[3,7],[7,4],[7,8],[8,4],[5,9],[9,10],[10,5],[10,6],[7,11],[11,8],[11,12],[12,8],[9,13],[13,14],[14,9],[14,10],[11,15],[15,12],[15,13],[13,12],[15,14]],
"face":[[0,1,2],[0,2,3],[0,3,4],[1,5,6],[1,6,2],[3,7,4],[4,7,8],[5,9,10],[5,10,6],[7,11,8],[8,11,12],[9,13,14],[9,14,10],[11,15,12],[12,15,13],[13,15,14],[0,4,8,12,13,9,5,1],[2,6,10,14,15,11,7,3]]},

"EnneagonalAntiprism" : {
"name":"Enneagonal Antiprism",
"category":["Antiprism"],
"vertex":[[0,0,1.058591],[0.6561484,0,0.830713],[0.2885036,0.5893186,0.830713],[-0.4024426,0.518238,0.830713],[-0.6424056,-0.1335877,0.830713],[1.01902,-0.1335877,0.2537058],[0.830713,0.518238,0.4024426],[-0.9188241,0.3382559,0.4024426],[-0.9704798,-0.3382559,0.2537058],[0.9188241,-0.3382559,-0.4024426],[0.9704798,0.3382559,-0.2537058],[-1.01902,0.1335877,-0.2537058],[-0.830713,-0.518238,-0.4024426],[0.4024426,-0.518238,-0.830713],[0.6424056,0.1335877,-0.830713],[-0.6561484,0,-0.830713],[-0.2885036,-0.5893186,-0.830713],[0,0,-1.058591]],
"edge":[[0,1],[1,2],[2,0],[2,3],[3,0],[3,4],[4,0],[1,5],[5,6],[6,1],[6,2],[3,7],[7,4],[7,8],[8,4],[5,9],[9,10],[10,5],[10,6],[7,11],[11,8],[11,12],[12,8],[9,13],[13,14],[14,9],[14,10],[11,15],[15,12],[15,16],[16,12],[13,16],[16,17],[17,13],[17,14],[15,17]],
"face":[[0,1,2],[0,2,3],[0,3,4],[1,5,6],[1,6,2],[3,7,4],[4,7,8],[5,9,10],[5,10,6],[7,11,8],[8,11,12],[9,13,14],[9,14,10],[11,15,12],[12,15,16],[13,16,17],[13,17,14],[15,17,16],[0,4,8,12,16,13,9,5,1],[2,6,10,14,17,15,11,7,3]]},

"DecagonalAntiprism" : {
"name":"Decagonal Antiprism",
"category":["Antiprism"],
"vertex":[[0,0,1.047801],[0.5971915,0,0.8609583],[0.2693671,0.5329907,0.8609583],[-0.3541919,0.4808178,0.8609583],[-0.5888883,-0.09923864,0.8609583],[0.9745794,-0.09923864,0.3717979],[0.7817338,0.4808178,0.5055625],[-0.8507649,0.3442276,0.5055625],[-0.944538,-0.2598101,0.3717979],[0.9880143,-0.2598101,-0.2328377],[0.9872015,0.3442276,-0.06948012],[-1.030678,0.1753927,-0.06948012],[-0.931103,-0.4203816,-0.2328377],[0.6323646,-0.4203816,-0.7219981],[0.8072886,0.1753927,-0.6445227],[-0.8252102,0.03880243,-0.6445227],[-0.5537152,-0.5196203,-0.7219981],[0.04347634,-0.5196203,-0.9088408],[0.3107156,0.03880243,-0.9999186],[-0.3128435,-0.01337041,-0.9999186]],
"edge":[[0,1],[1,2],[2,0],[2,3],[3,0],[3,4],[4,0],[1,5],[5,6],[6,1],[6,2],[3,7],[7,4],[7,8],[8,4],[5,9],[9,10],[10,5],[10,6],[7,11],[11,8],[11,12],[12,8],[9,13],[13,14],[14,9],[14,10],[11,15],[15,12],[15,16],[16,12],[13,17],[17,18],[18,13],[18,14],[15,19],[19,16],[19,17],[17,16],[19,18]],
"face":[[0,1,2],[0,2,3],[0,3,4],[1,5,6],[1,6,2],[3,7,4],[4,7,8],[5,9,10],[5,10,6],[7,11,8],[8,11,12],[9,13,14],[9,14,10],[11,15,12],[12,15,16],[13,17,18],[13,18,14],[15,19,16],[16,19,17],[17,19,18],[0,4,8,12,16,17,13,9,5,1],[2,6,10,14,18,19,15,11,7,3]]}
}
