{
  "Tetrahedron" : {
  "name":"Tetrahedron",
  "category":["Platonic Solid"],
  "vertex":[[0,0,1.732051],[1.632993,0,-0.5773503],[-0.8164966,1.414214,-0.5773503],[-0.8164966,-1.414214,-0.5773503]],
  "edge":[[0,1],[0,2],[0,3],[1,2],[1,3],[2,3]],
  "face":[[0,1,2],[0,2,3],[0,3,1],[1,3,2]]},

  "Cube": {
  "name":"Cube",
  "category":["Platonic Solid"],
  "vertex":[[0,0,1.224745],[1.154701,0,0.4082483],[-0.5773503,1,0.4082483],[-0.5773503,-1,0.4082483],[0.5773503,1,-0.4082483],[0.5773503,-1,-0.4082483],[-1.154701,0,-0.4082483],[0,0,-1.224745]],
  "edge":[[0,1],[0,2],[0,3],[1,4],[1,5],[2,4],[2,6],[3,5],[3,6],[4,7],[5,7],[6,7]],
  "face":[[0,1,4,2],[0,2,6,3],[0,3,5,1],[1,5,7,4],[2,4,7,6],[3,6,7,5]]},

  "Octahedron": {
  "name":"Octahedron",
  "category":["Platonic Solid"],
  "vertex":[[0,0,1.414214],[1.414214,0,0],[0,1.414214,0],[-1.414214,0,0],[0,-1.414214,0],[0,0,-1.414214]],
  "edge":[[0,1],[0,2],[0,3],[0,4],[1,2],[1,4],[1,5],[2,3],[2,5],[3,4],[3,5],[4,5]],
  "face":[[0,1,2],[0,2,3],[0,3,4],[0,4,1],[1,4,5],[1,5,2],[2,5,3],[3,5,4]]},

  "Dodecahedron": {
  "name":"Dodecahedron",
  "category":["Platonic Solid"],
  "vertex":[[0,0,1.070466],[0.7136442,0,0.7978784],[-0.3568221,0.618034,0.7978784],[-0.3568221,-0.618034,0.7978784],[0.7978784,0.618034,0.3568221],[0.7978784,-0.618034,0.3568221],[-0.9341724,0.381966,0.3568221],[0.1362939,1,0.3568221],[0.1362939,-1,0.3568221],[-0.9341724,-0.381966,0.3568221],[0.9341724,0.381966,-0.3568221],[0.9341724,-0.381966,-0.3568221],[-0.7978784,0.618034,-0.3568221],[-0.1362939,1,-0.3568221],[-0.1362939,-1,-0.3568221],[-0.7978784,-0.618034,-0.3568221],[0.3568221,0.618034,-0.7978784],[0.3568221,-0.618034,-0.7978784],[-0.7136442,0,-0.7978784],[0,0,-1.070466]],
  "edge":[[0,1],[0,2],[0,3],[1,4],[1,5],[2,6],[2,7],[3,8],[3,9],[4,7],[4,10],[5,8],[5,11],[6,9],[6,12],[7,13],[8,14],[9,15],[10,11],[10,16],[11,17],[12,13],[12,18],[13,16],[14,15],[14,17],[15,18],[16,19],[17,19],[18,19]],
  "face":[[0,1,4,7,2],[0,2,6,9,3],[0,3,8,5,1],[1,5,11,10,4],[2,7,13,12,6],[3,9,15,14,8],[4,10,16,13,7],[5,8,14,17,11],[6,12,18,15,9],[10,11,17,19,16],[12,13,16,19,18],[14,15,18,19,17]]},

  "Icosahedron" : {
  "name":"Icosahedron",
  "category":["Platonic Solid"],
  "vertex":[[0,0,1.175571],[1.051462,0,0.5257311],[0.3249197,1,0.5257311],[-0.8506508,0.618034,0.5257311],[-0.8506508,-0.618034,0.5257311],[0.3249197,-1,0.5257311],[0.8506508,0.618034,-0.5257311],[0.8506508,-0.618034,-0.5257311],[-0.3249197,1,-0.5257311],[-1.051462,0,-0.5257311],[-0.3249197,-1,-0.5257311],[0,0,-1.175571]],
  "edge":[[0,1],[0,2],[0,3],[0,4],[0,5],[1,2],[1,5],[1,6],[1,7],[2,3],[2,6],[2,8],[3,4],[3,8],[3,9],[4,5],[4,9],[4,10],[5,7],[5,10],[6,7],[6,8],[6,11],[7,10],[7,11],[8,9],[8,11],[9,10],[9,11],[10,11]],
  "face":[[0,1,2],[0,2,3],[0,3,4],[0,4,5],[0,5,1],[1,5,7],[1,7,6],[1,6,2],[2,6,8],[2,8,3],[3,8,9],[3,9,4],[4,9,10],[4,10,5],[5,10,7],[6,7,11],[6,11,8],[7,10,11],[8,11,9],[9,11,10]]}
}
