{
  "TriangularPrism" : {
  "name":"Triangular Prism",
  "category":["Prism"],
  "vertex":[[0,0,1.322876],[1.309307,0,0.1889822],[-0.9819805,0.8660254,0.1889822],[0.1636634,-1.299038,0.1889822],[0.3273268,0.8660254,-0.9449112],[-0.8183171,-0.4330127,-0.9449112]],
  "edge":[[0,3],[3,1],[1,0],[2,4],[4,5],[5,2],[1,4],[2,0],[5,3]],
  "face":[[0,3,1],[2,4,5],[0,1,4,2],[0,2,5,3],[1,3,5,4]]},

  "SquarePrism" : {
  "name":"Square Prism (Cube)",
  "category":["Prism"],
  "vertex":[[0,0,1.224745],[1.154701,0,0.4082483],[-0.5773503,1,0.4082483],[-0.5773503,-1,0.4082483],[0.5773503,1,-0.4082483],[0.5773503,-1,-0.4082483],[-1.154701,0,-0.4082483],[0,0,-1.224745]],
  "edge":[[0,1],[0,2],[0,3],[1,4],[1,5],[2,4],[2,6],[3,5],[3,6],[4,7],[5,7],[6,7]],
  "face":[[0,1,4,2],[0,2,6,3],[0,3,5,1],[1,5,7,4],[2,4,7,6],[3,6,7,5]]},

  "PentagonalPrism" : {
  "name":"Pentagonal Prism",
  "category":["Prism"],
  "vertex":[[0,0,1.159953],[1.013464,0,0.5642542],[-0.3501431,0.9510565,0.5642542],[-0.7715208,-0.6571639,0.5642542],[0.6633206,0.9510565,-0.03144481],[0.8682979,-0.6571639,-0.3996071],[-1.121664,0.2938926,-0.03144481],[-0.2348831,-1.063314,-0.3996071],[0.5181548,0.2938926,-0.9953061],[-0.5850262,-0.112257,-0.9953061]],
  "edge":[[0,1],[1,4],[4,2],[2,0],[2,6],[6,3],[3,0],[1,5],[5,8],[8,4],[6,9],[9,7],[7,3],[5,7],[9,8]],
  "face":[[0,1,4,2],[0,2,6,3],[1,5,8,4],[3,6,9,7],[5,7,9,8],[0,3,7,5,1],[2,4,8,9,6]]},

  "HexagonalPrism" : {
  "name":"Hexagonal Prism",
  "category":["Prism"],
  "vertex":[[0,0,1.118034],[0.8944272,0,0.6708204],[-0.2236068,0.8660254,0.6708204],[-0.7826238,-0.4330127,0.6708204],[0.6708204,0.8660254,0.2236068],[1.006231,-0.4330127,-0.2236068],[-1.006231,0.4330127,0.2236068],[-0.6708204,-0.8660254,-0.2236068],[0.7826238,0.4330127,-0.6708204],[0.2236068,-0.8660254,-0.6708204],[-0.8944272,0,-0.6708204],[0,0,-1.118034]],
  "edge":[[0,1],[1,4],[4,2],[2,0],[2,6],[6,3],[3,0],[1,5],[5,8],[8,4],[6,10],[10,7],[7,3],[5,9],[9,11],[11,8],[10,11],[9,7]],
  "face":[[0,1,4,2],[0,2,6,3],[1,5,8,4],[3,6,10,7],[5,9,11,8],[7,10,11,9],[0,3,7,9,5,1],[2,4,8,11,10,6]]},

  "HepatgonalPrism" : {
  "name":"Heptagonal Prism",
  "category":["Prism"],
  "vertex":[[0,0,1.090071],[0.796065,0,0.7446715],[-0.1498633,0.7818315,0.7446715],[-0.7396399,-0.2943675,0.7446715],[0.6462017,0.7818315,0.3992718],[1.049102,-0.2943675,-0.03143449],[-0.8895032,0.487464,0.3992718],[-0.8658909,-0.6614378,-0.03143449],[0.8992386,0.487464,-0.3768342],[0.5685687,-0.6614378,-0.6538232],[-1.015754,0.1203937,-0.3768342],[-0.2836832,-0.8247995,-0.6538232],[0.4187054,0.1203937,-0.9992228],[-0.4335465,-0.042968,-0.9992228]],
  "edge":[[0,1],[1,4],[4,2],[2,0],[2,6],[6,3],[3,0],[1,5],[5,8],[8,4],[6,10],[10,7],[7,3],[5,9],[9,12],[12,8],[10,13],[13,11],[11,7],[9,11],[13,12]],
  "face":[[0,1,4,2],[0,2,6,3],[1,5,8,4],[3,6,10,7],[5,9,12,8],[7,10,13,11],[9,11,13,12],[0,3,7,11,9,5,1],[2,4,8,12,13,10,6]]},

  "OctagonalPrism" : {
  "name":"Octagonal Prism",
  "category":["Prism"],
  "vertex":[[0,0,1.070722],[0.7148135,0,0.7971752],[-0.104682,0.7071068,0.7971752],[-0.6841528,-0.2071068,0.7971752],[0.6101315,0.7071068,0.5236279],[1.04156,-0.2071068,0.1367736],[-0.7888348,0.5,0.5236279],[-0.9368776,-0.5,0.1367736],[0.9368776,0.5,-0.1367736],[0.7888348,-0.5,-0.5236279],[-1.04156,0.2071068,-0.1367736],[-0.6101315,-0.7071068,-0.5236279],[0.6841528,0.2071068,-0.7971752],[0.104682,-0.7071068,-0.7971752],[-0.7148135,0,-0.7971752],[0,0,-1.070722]],
  "edge":[[0,1],[1,4],[4,2],[2,0],[2,6],[6,3],[3,0],[1,5],[5,8],[8,4],[6,10],[10,7],[7,3],[5,9],[9,12],[12,8],[10,14],[14,11],[11,7],[9,13],[13,15],[15,12],[14,15],[13,11]],
  "face":[[0,1,4,2],[0,2,6,3],[1,5,8,4],[3,6,10,7],[5,9,12,8],[7,10,14,11],[9,13,15,12],[11,14,15,13],[0,3,7,11,13,9,5,1],[2,4,8,12,15,14,10,6]]},

  "EnneagonalPrism" : {
  "name":"Enneagonal Prism",
  "category":["Prism"],
  "vertex":[[0,0,1.056872],[0.6472312,0,0.8355056],[-0.07571166,0.6427876,0.8355056],[-0.629518,-0.1503837,0.8355056],[0.5715195,0.6427876,0.6141395],[1.009329,-0.1503837,0.274987],[-0.7052297,0.4924039,0.6141395],[-0.9467644,-0.380785,0.274987],[0.9336172,0.4924039,0.05362089],[0.9168635,-0.380785,-0.3624113],[-1.022476,0.2620026,0.05362089],[-0.803296,-0.5833964,-0.3624113],[0.8411518,0.2620026,-0.5837774],[0.4131007,-0.5833964,-0.7784434],[-0.8790077,0.05939117,-0.5837774],[-0.2662433,-0.6634139,-0.7784434],[0.337389,0.05939117,-0.9998095],[-0.341955,-0.02062634,-0.9998095]],
  "edge":[[0,1],[1,4],[4,2],[2,0],[2,6],[6,3],[3,0],[1,5],[5,8],[8,4],[6,10],[10,7],[7,3],[5,9],[9,12],[12,8],[10,14],[14,11],[11,7],[9,13],[13,16],[16,12],[14,17],[17,15],[15,11],[13,15],[17,16]],
  "face":[[0,1,4,2],[0,2,6,3],[1,5,8,4],[3,6,10,7],[5,9,12,8],[7,10,14,11],[9,13,16,12],[11,14,17,15],[13,15,17,16],[0,3,7,11,15,13,9,5,1],[2,4,8,12,16,17,14,10,6]]},

  "DecagonalPrism" : {
  "name":"Decagonal Prism",
  "category":["Prism"],
  "vertex":[[0,0,1.046657],[0.5904836,0,0.8641878],[-0.05638617,0.5877853,0.8641878],[-0.5797148,-0.112257,0.8641878],[0.5340974,0.5877853,0.6817184],[0.9661914,-0.112257,0.3864765],[-0.636101,0.4755283,0.6817184],[-0.9272295,-0.2938926,0.3864765],[0.9098052,0.4755283,0.2040071],[0.9836156,-0.2938926,-0.2040071],[-0.9836156,0.2938926,0.2040071],[-0.9098052,-0.4755283,-0.2040071],[0.9272295,0.2938926,-0.3864765],[0.636101,-0.4755283,-0.6817184],[-0.9661914,0.112257,-0.3864765],[-0.5340974,-0.5877853,-0.6817184],[0.5797148,0.112257,-0.8641878],[0.05638617,-0.5877853,-0.8641878],[-0.5904836,0,-0.8641878],[0,0,-1.046657]],
  "edge":[[0,1],[1,4],[4,2],[2,0],[2,6],[6,3],[3,0],[1,5],[5,8],[8,4],[6,10],[10,7],[7,3],[5,9],[9,12],[12,8],[10,14],[14,11],[11,7],[9,13],[13,16],[16,12],[14,18],[18,15],[15,11],[13,17],[17,19],[19,16],[18,19],[17,15]],
  "face":[[0,1,4,2],[0,2,6,3],[1,5,8,4],[3,6,10,7],[5,9,12,8],[7,10,14,11],[9,13,16,12],[11,14,18,15],[13,17,19,16],[15,18,19,17],[0,3,7,11,15,17,13,9,5,1],[2,4,8,12,16,19,18,14,10,6]]}
}
